<application>
  <component name="FileTypeManager" version="17">
    <extensionMap>
      <mapping pattern="*.js.flow" type="Flow" />
      <mapping pattern="*.js.flow" type="Flow" />
      <mapping pattern="site-search" type="JavaScript" />
      <mapping pattern="create-update-map" type="JavaScript" />
      <mapping pattern="stateNameMap" type="JavaScript" />
      <mapping pattern="whitelist" type="JavaScript" />
      <mapping ext="hello" type="PLAIN_TEXT" />
      <mapping pattern="geocache_poi_rel" type="SQL" />
      <mapping pattern="user_profile" type="SQL" />
    </extensionMap>
  </component>
</application>