<application>
  <component name="FindSettings">
    <option name="caseSensitive" value="true" />
    <option name="customScope" value="All Places" />
    <option name="defaultScopeName" value="All Places" />
    <option name="localRegularExpressions" value="true" />
    <option name="CASE_SENSITIVE_SEARCH" value="true" />
    <option name="LOCAL_REGULAR_EXPRESSIONS" value="true" />
    <option name="SEARCH_SCOPE" value="All Places" />
    <mask>*.css</mask>
    <mask>*.html</mask>
    <mask>*.xml</mask>
    <mask>*.inc</mask>
    <mask>*.hphp</mask>
    <mask>*.php4</mask>
    <mask>*.php5</mask>
    <mask>*.module</mask>
    <mask>*.phtml</mask>
    <mask>*.ctp</mask>
    <mask>*.jsx,*.js</mask>
    <mask>*.jsx</mask>
    <mask>*.js</mask>
    <mask>*.php</mask>
    <mask>*.sh</mask>
    <mask>*.ts*</mask>
    <mask>*.ts</mask>
    <mask>*.scss</mask>
    <mask>*.tsx</mask>
  </component>
</application>