<application>
  <component name="NodeJSRemoteInterpreters">
    <interpreter node-remote-interpreter="docker-compose://[/Users/maxanderson/fieldnation/pricing-and-coverage/docker-compose.yml]:pricing-and-coverage/node" DOCKER_ACCOUNT_NAME="Docker" DOCKER_COMPOSE_SERVICE_NAME="pricing-and-coverage" DOCKER_REMOTE_PROJECT_PATH="/opt/project" INTERPRETER_PATH="node" HELPERS_PATH=".webstorm_nodejs_helpers" INITIALIZED="false" VALID="true" RUN_AS_ROOT_VIA_SUDO="false" VERSION="">
      <dockerComposeConfigurationPaths>
        <item value="$USER_HOME$/fieldnation/pricing-and-coverage/docker-compose.yml" />
      </dockerComposeConfigurationPaths>
      <envs />
      <PathMappingSettings>
        <option name="pathMappings">
          <list>
            <mapping local-root="$USER_HOME$/fieldnation/pricing-and-coverage" remote-root="/opt/project" />
          </list>
        </option>
      </PathMappingSettings>
    </interpreter>
  </component>
</application>